frame_nmr,car_id,car_bbox,license_plate_bbox,license_plate_bbox_score,license_number,license_number_score
0,1.0,[71.86773681640625 113.67001342773438 377.6028137207031 319.46868896484375],[193.8147735595703 268.27899169921875 257.6889953613281 314.2173767089844],0.6851349472999573,69A066166,0.5995849699511119
0,2.0,[737.3310546875 108.85720825195312 844.5750122070312 329.77288818359375],[770.7124633789062 229.5873260498047 813.57080078125 266.0092468261719],0.6699155569076538,88C131343,0.48073806682100917
1,1.0,[71.86695269406889 113.65978361365755 377.6056423165521 319.46729274298104],[193.81613159179688 268.2808532714844 257.68896484375 314.215576171875],0.6849915385246277,69A066166,0.5995849699511119
1,2.0,[737.3009588472208 108.85063681765484 844.5357180060338 329.7673453494721],[770.6878662109375 229.57418823242188 813.5733032226562 266.0312194824219],0.6693065762519836,88C131343,0.48073806682100917
2,1.0,[71.86716463000741 113.6584255886969 377.6055507524576 319.4679662653663],[193.81613159179688 268.2808532714844 257.68896484375 314.215576171875],0.6849915385246277,69A066166,0.5995849699511119
2,2.0,[737.3001155731989 108.84926254628915 844.532475823739 329.7680063727474],[770.6878662109375 229.57418823242188 813.5733032226562 266.0312194824219],0.6693065762519836,88C131343,0.48073806682100917
3,1.0,[71.86690221337341 113.66134734775129 377.60465391004783 319.4696064496182],[193.82064819335938 268.28265380859375 257.68804931640625 314.2129211425781],0.6851260662078857,69A066166,0.5995849699511119
3,2.0,[737.2988361979437 108.86168089778148 844.5324919094248 329.77584822142734],[770.6876831054688 229.57144165039062 813.5747680664062 266.03265380859375],0.6693392395973206,88C131343,0.48073806682100917
4,1.0,[71.86687830894675 113.66232279751995 377.6043681500051 319.4698781975568],[193.82064819335938 268.28265380859375 257.68804931640625 314.2129211425781],0.6851260662078857,69A066166,0.5995849699511119
4,2.0,[737.2984707915131 108.86553413332894 844.5330918909668 329.77721831465493],[770.6876831054688 229.57144165039062 813.5747680664062 266.03265380859375],0.6693392395973206,88C131343,0.48073806682100917
5,1.0,[71.86690027315089 113.66270781151543 377.6042676088231 319.469827916021],[193.82064819335938 268.28265380859375 257.68804931640625 314.2129211425781],0.6851260662078857,69A066166,0.5995849699511119
5,2.0,[737.2983219623854 108.86688830733064 844.5336654277426 329.7770691309181],[770.6876831054688 229.57144165039062 813.5747680664062 266.03265380859375],0.6693392395973206,88C131343,0.48073806682100917
6,1.0,[71.86692714779934 113.66288397205349 377.6042297306982 319.46971452352363],[193.82064819335938 268.28265380859375 257.68804931640625 314.2129211425781],0.6851260662078857,69A066166,0.5995849699511119
6,2.0,[737.298238241872 108.86740177338152 844.5341265305451 329.7766195715797],[770.6876831054688 229.57144165039062 813.5747680664062 266.03265380859375],0.6693392395973206,88C131343,0.48073806682100917
7,1.0,[71.86695094174863 113.66297650969936 377.6042138841292 319.4696051711837],[193.82064819335938 268.28265380859375 257.68804931640625 314.2129211425781],0.6851260662078857,69A066166,0.5995849699511119
7,2.0,[737.298180341071 108.86760125879206 844.5344823184764 329.77618581582567],[770.6876831054688 229.57144165039062 813.5747680664062 266.03265380859375],0.6693392395973206,88C131343,0.48073806682100917
8,1.0,[71.8669711108661 113.66303130989384 377.6042055642622 319.4695145610019],[193.82064819335938 268.28265380859375 257.68804931640625 314.2129211425781],0.6851260662078857,69A066166,0.5995849699511119
8,2.0,[737.2981370299469 108.86767172742637 844.5347549509233 329.7758368967909],[770.6876831054688 229.57144165039062 813.5747680664062 266.03265380859375],0.6693392395973206,88C131343,0.48073806682100917
9,1.0,[71.86649857806 113.64926573041262 377.6074160724131 319.45543911996333],[193.82691955566406 268.24853515625 257.7008972167969 314.21978759765625],0.685874879360199,69A066166,0.5995849699511119
9,2.0,[737.2914573215401 108.8675702288997 844.5304777599122 329.77128850110324],[770.6932983398438 229.57359313964844 813.5712890625 266.03143310546875],0.6693397760391235,88C131343,0.48073806682100917
10,1.0,[71.85907396587089 113.6178127204704 377.61831917946336 319.4405291755536],[193.86276245117188 268.2988586425781 257.66912841796875 314.2073974609375],0.684629499912262,69A066166,0.6199953579434793
11,1.0,[71.86373361693049 113.56426621420263 377.6222566047537 319.34322320810344],[193.80062866210938 268.2881774902344 257.6865539550781 314.1789855957031],0.6836584210395813,69A066166,0.8566107894693397
12,1.0,[71.866510820292 113.58798908333361 377.61522347344055 319.28625794973016],[193.791748046875 268.29351806640625 257.6679382324219 314.17657470703125],0.6826476454734802,69A066166,0.5855316965901897
13,1.0,[71.86800677405529 113.60996893033821 377.61439730138204 319.2575387552253],[193.7760467529297 268.2898864746094 257.6704406738281 314.1737365722656],0.6824013590812683,69A066166,0.5855316965901897
14,1.0,[71.86892867151164 113.62530687443144 377.61473966201555 319.2351598375125],[193.77578735351562 268.2883605957031 257.6713562011719 314.17535400390625],0.6823773384094238,69A066166,0.5855316965901897
15,1.0,[71.86865141931798 113.63770385082056 377.61545842112383 319.2209964213561],[193.77578735351562 268.2883605957031 257.6713562011719 314.17535400390625],0.6823773384094238,69A066166,0.5855316965901897
16,1.0,[71.86783664100659 113.64711056871022 377.61640560073334 319.2117201797727],[193.77578735351562 268.2883605957031 257.6713562011719 314.17535400390625],0.6823773384094238,69A066166,0.5855316965901897
17,1.0,[71.86680759169198 113.65403964732391 377.617453286824 319.20554817002665],[193.77578735351562 268.2883605957031 257.6713562011719 314.17535400390625],0.6823773384094238,69A066166,0.5855316965901897
18,1.0,[71.86572439805684 113.65906495293262 377.6185153490347 319.2014363685378],[193.77578735351562 268.2883605957031 257.6713562011719 314.17535400390625],0.6823773384094238,69A066166,0.5855316965901897
19,1.0,[71.86466551026282 113.66267570418582 377.6195410955937 319.1987279894344],[193.77578735351562 268.2883605957031 257.6713562011719 314.17535400390625],0.6823773384094238,69A066166,0.5855316965901897
20,1.0,[71.86366731871547 113.665252157114 377.6205043149962 319.19698854142666],[193.77578735351562 268.2883605957031 257.6713562011719 314.17535400390625],0.6823773384094238,69A066166,0.5855316965901897
21,1.0,[71.86274424607069 113.66707835012683 377.6213941167402 319.1959213063799],[193.77578735351562 268.2883605957031 257.6713562011719 314.17535400390625],0.6823773384094238,69A066166,0.5855316965901897
22,1.0,[71.86189929237062 113.6683625415718 377.6222085506905 319.1953198628964],[193.77578735351562 268.2883605957031 257.6713562011719 314.17535400390625],0.6823773384094238,69A066166,0.5855316965901897
23,1.0,[71.86112970306317 113.66925607503838 377.62295051954544 319.1950391793862],[193.77578735351562 268.2883605957031 257.6713562011719 314.17535400390625],0.6823773384094238,69A066166,0.5855316965901897
24,1.0,[71.86043005072699 113.66986847071456 377.6236252921494 319.1949769053607],[193.77578735351562 268.2883605957031 257.6713562011719 314.17535400390625],0.6823773384094238,69A066166,0.5855316965901897
25,1.0,[71.85979390574607 113.670278829582 377.6242390530809 319.19506075207556],[193.77578735351562 268.2883605957031 257.6713562011719 314.17535400390625],0.6823773384094238,69A066166,0.5855316965901897
26,1.0,[71.85921472278912 113.67054423295927 377.62479809473575 319.1952397564798],[193.77578735351562 268.2883605957031 257.6713562011719 314.17535400390625],0.6823773384094238,69A066166,0.5855316965901897
27,1.0,[71.85868628793423 113.67070585556866 377.6253083958326 319.19547813816035],[193.77578735351562 268.2883605957031 257.6713562011719 314.17535400390625],0.6823773384094238,69A066166,0.5855316965901897
28,1.0,[71.85820292037533 113.67079339042104 377.6257754260482 319.19575093981473],[193.77578735351562 268.2883605957031 257.6713562011719 314.17535400390625],0.6823773384094238,69A066166,0.5855316965901897
29,1.0,[71.85775953925122 113.67082824445794 377.6262040788806 319.1960409171032],[193.77578735351562 268.2883605957031 257.6713562011719 314.17535400390625],0.6823773384094238,69A066166,0.5855316965901897
30,1.0,[71.85735165892731 113.6708258446904 377.62659867406705 319.19633631342265],[193.77578735351562 268.2883605957031 257.6713562011719 314.17535400390625],0.6823773384094238,69A066166,0.5855316965901897
31,1.0,[71.85697534889007 113.67079730230327 377.62696299504796 319.1966292656431],[193.77578735351562 268.2883605957031 257.6713562011719 314.17535400390625],0.6823773384094238,69A066166,0.5855316965901897
32,1.0,[71.85662717863039 113.67075061369374 377.62730034163366 319.19691466152983],[193.77578735351562 268.2883605957031 257.6713562011719 314.17535400390625],0.6823773384094238,69A066166,0.5855316965901897
33,1.0,[71.85630415869932 113.67069152750581 377.62761358682394 319.19718932128546],[193.77578735351562 268.2883605957031 257.6713562011719 314.17535400390625],0.6823773384094238,69A066166,0.5855316965901897
34,1.0,[72.0971511050574 114.47016785040272 378.1609096062873 320.40098800816367],[193.7229461669922 268.43707275390625 257.6839294433594 314.1030578613281],0.6790127754211426,69A066166,0.5864441767413188
34,2.0,[737.2821434369558 108.75621530885186 844.5246505093065 329.74249770788697],[770.786865234375 229.5384063720703 813.5538940429688 265.8800048828125],0.6743658185005188,88C131343,0.5790454716512282
35,1.0,[72.13780282573049 114.70298018656307 378.4109583734855 320.9191336499168],[193.72560119628906 268.4297790527344 257.6866149902344 314.1044921875],0.6790445446968079,69A066166,0.593658397242637
35,2.0,[737.2467993947113 108.7483180002972 844.5170047026437 329.7466841808825],[770.7920532226562 229.5425262451172 813.5491943359375 265.8710021972656],0.6738888621330261,88C131343,0.5790454716512282
36,1.0,[72.11457819419084 114.69725584126567 378.54244566988496 321.1385180195682],[193.76089477539062 268.43927001953125 257.6673583984375 314.1020202636719],0.6796825528144836,69A066166,0.6431082283955458
36,2.0,[737.1957963041913 108.70967231491798 844.5302306453212 329.74426691848055],[770.80419921875 229.5790557861328 813.536865234375 265.8152160644531],0.6704510450363159,88C131343,0.549201254889975
37,1.0,[72.08093168822944 114.68161047195193 378.6204404270396 321.2726383866783],[193.75636291503906 268.4429931640625 257.6670837402344 314.0995178222656],0.6803370714187622,69A066166,0.62804836311497
37,2.0,[737.1741807874745 108.68936853230292 844.5414978220775 329.7545245729631],[770.7996826171875 229.5753173828125 813.5421752929688 265.83599853515625],0.6700513958930969,88C131343,0.549201254889975
38,1.0,[72.04887372889954 114.64469957353234 378.66747547754846 321.34124994361457],[193.75682067871094 268.44287109375 257.6664733886719 314.10015869140625],0.6803404688835144,69A066166,0.62804836311497
38,2.0,[737.1607464612406 108.67787660649617 844.5518135935914 329.7641345884211],[770.7999877929688 229.5749969482422 813.541748046875 265.8299560546875],0.6704067587852478,88C131343,0.549201254889975
39,1.0,[72.02078358563736 114.60981828811782 378.6968211200849 321.3844204551091],[193.75860595703125 268.4440002441406 257.6661376953125 314.099365234375],0.6804041862487793,69A066166,0.62804836311497
39,2.0,[737.151785014817 108.6701082810423 844.5601493023566 329.77154557227504],[770.7999877929688 229.5750274658203 813.541748046875 265.8299560546875],0.670405924320221,88C131343,0.549201254889975
40,1.0,[71.76746140775364 113.90447315439337 378.19472549075294 320.5782664121055],[193.86898803710938 268.4293212890625 257.5306091308594 314.07861328125],0.6738625764846802,69A066166,0.6504993030242097
41,1.0,[71.71288543424669 113.65263310729323 377.95607146764826 320.2526393602852],[193.86878967285156 268.42877197265625 257.5303955078125 314.0788879394531],0.6738291382789612,69A066166,0.6504993030242097
42,1.0,[71.72350700606543 113.56211076568545 377.81236541310795 319.96787035374155],[193.88951110839844 268.3822021484375 257.4864501953125 313.99267578125],0.674850583076477,69A066166,0.8829995950935745
43,1.0,[71.76201012208102 113.36972319774989 377.759387949936 319.79090701078235],[193.79603576660156 268.42529296875 257.5130920410156 314.0206298828125],0.6774234771728516,69A066166,0.8841150383972946
43,2.0,[737.4034796716404 108.83373298784453 845.1783092586476 329.89337305708244],[770.8264770507812 229.7328643798828 813.5322265625 265.7481384277344],0.6640595197677612,88C131343,0.5274034142494202
44,1.0,[71.7951011620952 113.31975971116151 377.72184118251494 319.71044669311254],[193.77621459960938 268.42877197265625 257.51568603515625 313.98626708984375],0.6784020066261292,69A066166,0.875839614226498
45,1.0,[71.83153967621519 113.20129589183853 377.6893813013892 319.44250648385963],[193.71719360351562 268.32196044921875 257.4812927246094 313.96624755859375],0.6792241334915161,69A066166,0.9119163758347097
46,1.0,[71.85445032412375 113.17512820240958 377.6689007596409 319.28897567725244],[193.7046661376953 268.2774658203125 257.4864196777344 313.9667053222656],0.6801062226295471,69A066166,0.9211755645200621
47,1.0,[71.87102337661264 113.1883722583627 377.6540446685561 319.2103052538349],[193.69161987304688 268.2729187011719 257.4975891113281 313.9757080078125],0.6800845861434937,69A066166,0.911744458496093
48,1.0,[71.88320531439962 113.2113732410845 377.6433905171625 319.16637905170114],[193.69161987304688 268.2729187011719 257.4975891113281 313.9757080078125],0.6800845861434937,69A066166,0.911744458496093
49,1.0,[71.89216607112155 113.23361937734884 377.63574747317244 319.13984234701957],[193.69161987304688 268.2729187011719 257.4975891113281 313.9757080078125],0.6800845861434937,69A066166,0.911744458496093
50,1.0,[71.92610663585566 113.29903919296486 377.6284512151826 319.0127532796025],[193.7110595703125 268.31805419921875 257.46417236328125 313.9574279785156],0.6807026267051697,69A066166,0.9022291692170505
50,2.0,[737.752882794206 108.97262178607284 845.326375031113 329.8615407663476],[770.7510375976562 229.77272033691406 813.537109375 265.8100280761719],0.6576659679412842,88C131343,0.9062151312828064
51,1.0,[71.93990865422691 113.32986384180992 377.61922139794876 318.92390695377907],[193.6902313232422 268.2356872558594 257.459716796875 313.96514892578125],0.6820889115333557,69A066166,0.8587792946992446
51,2.0,[737.7914702873953 108.97569846435839 845.2812350237426 329.84654733467664],[770.8040161132812 229.75637817382812 813.53369140625 265.7586364746094],0.6565560102462769,88C131343,0.9027938842773438
52,1.0,[71.91435604633563 113.38304583177528 377.5884818977195 318.8745498409142],[193.72039794921875 268.35931396484375 257.4022216796875 313.99371337890625],0.679781436920166,69A066166,0.8418410160004329
53,1.0,[71.92161179919486 113.39146753521919 377.58895373605105 318.80988694852647],[193.69937133789062 268.406005859375 257.4118957519531 313.991943359375],0.6776438355445862,69A066166,0.9154271149793359
54,1.0,[71.9254752069607 113.4074026349709 377.5893611655347 318.77798106137953],[193.6964874267578 268.4047546386719 257.4107666015625 313.9907531738281],0.6776759624481201,69A066166,0.9154271149793359
55,1.0,[71.92671630980169 113.42356187725204 377.58849173308266 318.7597362249414],[193.69664001464844 268.4048767089844 257.41070556640625 313.9906311035156],0.6777020692825317,69A066166,0.9154271149793359
56,1.0,[71.92768990754516 113.43683610109413 377.5880739384986 318.7480078832567],[193.69664001464844 268.4048767089844 257.41070556640625 313.9906311035156],0.6777020692825317,69A066166,0.9154271149793359
57,1.0,[71.92842059341024 113.44726835949741 377.58793020897866 318.74029063152307],[193.69664001464844 268.4048767089844 257.41070556640625 313.9906311035156],0.6777020692825317,69A066166,0.9154271149793359
58,1.0,[71.92895427985181 113.45532591978696 377.5879597101564 318.73519383952174],[193.69664001464844 268.4048767089844 257.41070556640625 313.9906311035156],0.6777020692825317,69A066166,0.9154271149793359
59,1.0,[71.95533639953908 113.52471938446162 377.62472071713603 318.87565130936264],[193.66383361816406 268.3449401855469 257.4432373046875 314.0023498535156],0.6806337237358093,69A066166,0.8482715349624385
60,1.0,[71.96505738708458 113.51057309094462 377.6391730105689 318.91256352182523],[193.6602020263672 268.3409423828125 257.473876953125 313.9787292480469],0.6793201565742493,69A066166,0.9265334265280841
60,2.0,[737.8689098257341 108.90411695651588 845.3695909026851 329.8256641628018],[770.8740844726562 229.60714721679688 813.6039428710938 265.6903076171875],0.6579105257987976,00G131343,0.44594820644138233
61,1.0,[71.98141819999523 113.4429018223143 377.64336205963957 318.8478451924342],[193.6370391845703 268.302978515625 257.50897216796875 313.9649353027344],0.6823785305023193,69A066166,0.9523302937345965
62,1.0,[72.00425717853855 113.42595591125145 377.64621293088805 318.8284895762637],[193.6296844482422 268.2895202636719 257.53912353515625 314.00726318359375],0.6849038600921631,69A066166,0.8567838234753552
63,1.0,[72.01274324923904 113.4416477919136 377.64083259406743 318.8710330219235],[193.6498565673828 268.3208923339844 257.4968566894531 314.0309753417969],0.6838076710700989,69A066166,0.8626163382680886
64,1.0,[72.05880873580284 114.01785264894406 377.73584088986036 318.97905506555037],[193.61593627929688 268.3301086425781 257.4870910644531 314.00921630859375],0.6828877925872803,69A066166,0.837716157189341
65,1.0,[72.03933730412916 114.34281006262464 377.7515957065763 318.87265435403924],[193.65374755859375 268.2926330566406 257.5030517578125 314.02880859375],0.6838080286979675,69A066166,0.8979817528627355
66,1.0,[72.02338180836654 114.5335004683318 377.75573644792445 318.7684421848447],[193.6380615234375 268.29425048828125 257.4813232421875 313.9796447753906],0.681768000125885,69A066166,0.9575977743990886
66,2.0,[737.8184674312279 108.8958212005799 845.2746450619309 329.8712592079825],[770.9130859375 229.67901611328125 813.5592651367188 265.7198486328125],0.6557500958442688,88C131343,0.5139870406210302
67,1.0,[72.00279174901053 114.66658280248203 377.74863147026724 318.7092439386745],[193.63763427734375 268.3037414550781 257.50531005859375 314.00732421875],0.6814334392547607,69A066166,0.9051378995288282
68,1.0,[71.99686055256888 114.76997907710341 377.7504909310612 318.67887481876],[193.62950134277344 268.3050231933594 257.5113830566406 314.01617431640625],0.681567907333374,69A066166,0.9096007924054261
69,1.0,[71.94701107010857 114.24714449388928 377.6669937297911 318.564859482974],[193.62701416015625 268.25347900390625 257.53192138671875 314.0171203613281],0.681991696357727,69A066166,0.8881561301659909
70,1.0,[71.98365745229668 114.53092896933647 377.7253947368031 318.61705422180796],[193.55621337890625 268.248291015625 257.5369567871094 314.0284423828125],0.6814092993736267,69A066166,0.6797346472082889
71,1.0,[71.99411270802861 114.69015201372417 377.7497501664071 318.61457948882355],[193.54855346679688 268.2379150390625 257.53179931640625 314.0301513671875],0.6815230250358582,69A066166,0.6797346472082889
72,1.0,[71.94660595669069 114.21957316077334 377.66664953799375 318.5079973467733],[193.55062866210938 268.2298583984375 257.535888671875 314.0352783203125],0.6815956830978394,69A066166,0.6775962493205235
73,1.0,[72.02051470217691 112.55809905222253 377.6897973267958 317.0813966977071],[189.43923950195312 261.9434509277344 257.41766357421875 310.99359130859375],0.7234354615211487,69A066166,0.6407387935035364
73,2.0,[737.6108490061142 105.81733078751601 845.0348929289046 326.5079616831877],[772.7444458007812 227.7510528564453 815.0365600585938 263.0436096191406],0.6533015370368958,88A59883,0.11807624995708466
74,1.0,[72.04569811513272 111.88057864879956 377.67587471156884 316.60298653893256],[189.38250732421875 261.8801574707031 257.4652099609375 311.0769348144531],0.7225067019462585,69A066166,0.6245963782427925
75,1.0,[72.06148031561037 111.59288050251521 377.66096675755676 316.4595233831261],[189.40484619140625 261.9052734375 257.47418212890625 311.07568359375],0.7226775884628296,69A066166,0.6274465918540955
76,1.0,[72.08275747457733 111.49192595295077 377.6532614146407 316.44313200463876],[189.15625 261.8203430175781 257.4453430175781 311.1156005859375],0.7215638160705566,69A066166,0.6855410383726045
76,2.0,[737.4257337681505 104.21866658232561 844.9332965720781 324.55761625157834],[772.7826538085938 227.62945556640625 815.091796875 263.088134765625],0.6501014828681946,88A59883,0.10884823650121689
77,1.0,[72.08193371512624 111.3015469094479 377.6132564215075 316.28494100854095],[188.6089630126953 261.4866638183594 257.0813903808594 309.64080810546875],0.7256925106048584,69A06666,0.6836933792541543
77,2.0,[737.739840026822 103.7194942324044 845.2421737458372 323.5753596940473],[772.246337890625 226.84368896484375 815.290283203125 263.0056457519531],0.6596078872680664,00G183343,0.2876845122102592
78,1.0,[72.08586768698231 111.24108925748699 377.5883370432051 316.27445197528147],[188.62332153320312 261.5050354003906 257.0812072753906 309.63311767578125],0.7253077626228333,69A06666,0.6967623051875109
78,2.0,[737.8575387858579 103.6250448008186 845.3598000030782 323.1337719159006],[772.2361450195312 226.83685302734375 815.3015747070312 263.0433349609375],0.6591066718101501,00G183343,0.2876845122102592
79,1.0,[72.09505214807308 111.20245450195831 377.5805543677354 316.2699538531522],[188.72593688964844 261.5241394042969 257.1367492675781 309.6957092285156],0.7264015078544617,69A06666,0.9996803351268223
80,1.0,[71.85405587469242 51.926856929922096 377.5320369247735 256.80942439660186],[194.54425048828125 176.591796875 257.72406005859375 217.4919891357422],0.6805704832077026,69A066665,0.4613513946533203
81,1.0,[71.73764289685718 15.381659751722822 377.42811614595473 219.173108665093],[186.16259765625 148.27191162109375 261.0052490234375 192.92837524414062],0.45674511790275574,69A06666,0.9999668398617765
82,1.0,[71.61376598840991 -3.150102258380187 378.06255606347344 191.45130634269725],[192.53704833984375 123.67724609375 257.9503173828125 166.2025909423828],0.710966944694519,69A066166,0.8855620206528989
83,1.0,[71.4635388666862 -9.28419411881643 378.11877865724125 177.46587422232773],[185.6494598388672 112.07112121582031 257.975341796875 159.4983673095703],0.7359414100646973,69A066166,0.9713978216253932
84,1.0,[70.85057820077861 -11.464755422320636 377.51198516487773 167.2121659667569],[188.62228393554688 103.97272491455078 259.1598205566406 150.25112915039062],0.7260645627975464,69A066661,0.5697507637687244
85,1.0,[70.79641751121972 -10.687256690523554 377.1087667248 162.294496612747],[188.6118621826172 103.9358139038086 259.1263427734375 150.3068084716797],0.7261092662811279,69A066661,0.5715352835523828
86,1.0,[70.94008900441682 -9.185873700263585 376.870792332631 159.63405905605273],[187.75839233398438 104.4469223022461 259.5446472167969 148.03921508789062],0.7077555060386658,69A106666,0.7580048680531725
87,1.0,[70.17785982813794 -12.657500460393862 377.64536493029095 144.0124424809504],[160.60943603515625 78.47496032714844 257.9524230957031 124.4911117553711],0.284128874540329,69A06666,0.9993947270687007
91,12.0,[10.401061648353561 187.04760596254414 484.93036858802196 430.05896941846026],[187.2574005126953 384.24029541015625 308.6741027832031 446.51171875],0.7599552273750305,76A27797,0.758802296593047
92,12.0,[10.688554006807323 165.3924316787075 484.03827913870566 427.1311485967196],[188.3443145751953 362.18548583984375 303.5874328613281 437.3189697265625],0.7918009161949158,76A22222,0.9999974410228937
93,12.0,[11.125001005255598 149.01776177867552 481.35792223424437 425.42684040613415],[188.1109619140625 350.6493225097656 302.5583801269531 432.9521179199219],0.792793869972229,76A22272,0.7076553872454174
94,12.0,[12.965143240289052 136.80792811650664 478.9756224988197 423.6928741102714],[186.89288330078125 347.6163635253906 301.2291564941406 427.2831115722656],0.7845249176025391,76A22222,0.9999983473273739
95,12.0,[16.13437471396216 129.27089650339494 477.27874541748633 424.107701668094],[189.3097686767578 342.1800537109375 303.58831787109375 422.8834228515625],0.7885373830795288,76A27222,0.6448082144709975
96,12.0,[18.776185206695118 125.428440048782 475.47514697773187 425.94061158867896],[189.26904296875 342.1551208496094 303.5455627441406 422.9176330566406],0.7888936996459961,76A22222,0.9998302528436432
97,12.0,[20.829745247466207 121.79121167000201 473.8310716647884 426.10503692473344],[188.23208618164062 343.7768859863281 302.8803405761719 421.2825622558594],0.7767796516418457,76A22222,0.8671473026927874
98,12.0,[22.366219999072484 119.07038647637611 472.2309529465645 425.9245807571248],[188.68405151367188 338.9689025878906 304.4161376953125 418.42803955078125],0.7911485433578491,76A22222,0.9909725989219452
99,12.0,[23.77594614318801 117.86212099092899 470.80099054211985 426.2818672368058],[188.68528747558594 337.51123046875 306.1520080566406 417.8498229980469],0.78985196352005,76A22222,0.9970810665378559
100,12.0,[25.000258140612118 117.46893998204851 469.6244741759582 426.8256922951929],[188.6909942626953 337.52593994140625 306.14752197265625 417.84527587890625],0.7898582816123962,76A22222,0.9970810665378559
101,12.0,[26.074624091634973 117.46306702392334 468.64765453191194 427.306671901261],[188.68569946289062 337.5088806152344 306.19354248046875 417.8394470214844],0.7900070548057556,76A22222,0.9986967017728661
102,12.0,[26.966521907257118 117.65627133168172 467.82395877242527 427.7082935463076],[188.58636474609375 337.4766540527344 306.285888671875 417.9281311035156],0.78948575258255,76A22222,0.7771182234265368
103,12.0,[27.687493222416407 117.27067308093186 467.0537009343192 427.11954588764604],[188.7559356689453 337.3458557128906 304.8922119140625 417.58831787109375],0.7868900895118713,76A22222,0.9999976009589855
104,12.0,[28.32126722466691 117.36688260203877 466.439385468065 426.9220115641723],[188.75343322753906 337.2726135253906 304.9087219238281 417.5784606933594],0.7867000699043274,76A22222,0.9999972277747666
106,12.0,[29.228374786240636 118.04222398962287 465.30894948497456 426.9225710058067],[188.76870727539062 337.3171081542969 304.73040771484375 417.6994934082031],0.7869031429290771,76A22222,0.9999969079025659
107,12.0,[29.609411851723962 118.39067164509368 464.87215195292936 426.90737108138694],[188.77146911621094 337.29473876953125 304.7295227050781 417.68896484375],0.7867187857627869,76A22222,0.9999969079025659
108,12.0,[31.07503006049575 118.00509635874221 465.1089343677776 426.37545669174256],[188.28384399414062 336.0350341796875 304.2091369628906 417.6037902832031],0.7819963693618774,76A22272,0.7459889080153654
109,12.0,[31.925158390815824 118.04354181793863 464.92238343067595 426.1784604210475],[188.2953338623047 336.0676574707031 304.1778869628906 417.58843994140625],0.7818766832351685,76A22272,0.7040148359328381
110,12.0,[31.94925967791255 117.8194826040548 464.35492612798265 425.91452692157407],[188.58387756347656 334.7460021972656 305.1929626464844 417.62518310546875],0.7800173759460449,76A22222,0.9999957350377268
111,12.0,[30.61836919849742 116.30877974720391 463.3581579670456 424.4518224190529],[188.42076110839844 336.5020751953125 302.9165344238281 413.75579833984375],0.7753923535346985,76A22222,0.9999942956124749
112,12.0,[30.74626964223077 115.48439701592321 463.3811660574672 423.37490926663946],[188.64596557617188 333.08648681640625 305.5704345703125 412.9416809082031],0.7902802228927612,76A22222,0.7015465701067031
113,12.0,[31.342994137638783 115.15482629154087 463.456203804682 423.1042225477838],[188.9051513671875 332.8601379394531 305.2000427246094 412.12103271484375],0.7930293083190918,76A22222,0.8055855246979415
114,12.0,[31.29618318962119 114.98941273395869 463.1149629586848 423.0865671173992],[188.66966247558594 332.82916259765625 305.1369323730469 411.9609680175781],0.7928808331489563,76A22222,0.9999988271355889
115,12.0,[31.36824797319747 114.96938269971147 462.87318265029927 423.2216019456332],[188.80905151367188 333.2257385253906 304.8544616699219 411.45318603515625],0.7916017174720764,76A22222,0.9999511127411972
116,12.0,[31.50856049522727 115.0339698759507 462.6869298114883 423.32889802585316],[188.7932586669922 333.2164001464844 304.86151123046875 411.47552490234375],0.7915613651275635,76A22222,0.9999511127411972
117,12.0,[31.760125781820648 115.16682751600655 462.5649887444424 423.4173345852342],[188.84756469726562 333.28302001953125 304.89801025390625 411.311279296875],0.791358232498169,76A22222,0.9996800685566837
118,12.0,[31.903540820062688 115.29094970188558 462.35503589068287 423.45070437475295],[188.85755920410156 333.2958984375 304.9190368652344 411.29638671875],0.7911967635154724,76A22222,0.9996718048782243
119,12.0,[32.35618820205141 115.40228459324629 462.33982744100933 423.4384546994631],[188.82249450683594 333.300048828125 304.9797058105469 411.341064453125],0.7916809916496277,76A22222,0.9997489500014934
120,12.0,[31.90010079290343 114.65954528980762 462.0238750237372 422.0848303376712],[189.82577514648438 333.8849792480469 303.2433776855469 409.7214660644531],0.7927545309066772,76A22222,0.9999970678386677
121,12.0,[32.068108674441504 114.21334202174893 462.01843258894223 421.18566706602],[188.71844482421875 331.0481262207031 304.09375 412.0372314453125],0.8171753883361816,76A22272,0.5182849400556439
123,12.0,[32.36309461446828 114.23160365546542 461.8429767332892 420.6363112908916],[188.39149475097656 330.04364013671875 304.758056640625 412.2889709472656],0.8217424154281616,76A22222,0.9999963747822046
124,12.0,[32.57987641265609 114.19916251261813 461.71128062126434 420.44250376962816],[188.31402587890625 329.9093017578125 305.1558837890625 412.0157775878906],0.8215286135673523,76A222722,0.6941159920881826
125,12.0,[32.63798492702597 114.19028875353544 461.50889431589553 420.2812423695681],[188.22030639648438 329.9633483886719 305.23455810546875 412.037109375],0.822963297367096,76A22222,0.999966893174
126,12.0,[32.737046757017055 114.28323647977189 461.3474318785112 420.20840680856645],[188.1529998779297 329.83624267578125 305.36376953125 412.0557556152344],0.8209943175315857,76A22222,0.9997742739212537
127,12.0,[32.831205452250344 114.37467598620427 461.21344472713116 420.1675527993415],[188.1829833984375 329.8260803222656 305.3290710449219 412.0448913574219],0.8212624788284302,76A22222,0.9997742739212537
128,12.0,[32.806655397179014 114.57030606465528 461.00334285046983 420.1407282360276],[188.1064910888672 329.9601745605469 305.50799560546875 412.27899169921875],0.8219550848007202,76A22222,0.9997583865025489
129,12.0,[33.112127867911056 114.72547264147641 460.9771871015235 420.0510626725606],[188.1018524169922 330.0390930175781 305.4301452636719 412.15057373046875],0.821907639503479,76A22222,0.9996623356191192
130,12.0,[33.2855794713096 114.86311323684487 460.87086471610394 419.9773534257362],[188.13328552246094 330.05206298828125 305.4322814941406 412.11474609375],0.8220059275627136,76A22222,0.9988042373642194
131,12.0,[32.83068373120585 114.92558629892304 460.44487119673283 419.82122589354594],[188.0906219482422 329.8743591308594 305.5030822753906 412.1076965332031],0.8206491470336914,76A22222,0.9995762655069279
132,12.0,[32.676903956534375 115.01130014671668 460.2659885244003 419.71483851764657],[188.08157348632812 329.8871765136719 305.50787353515625 412.1129150390625],0.8208220601081848,76A22222,0.9995762655069279
133,12.0,[32.73681283332331 115.10760259722457 460.21823466383665 419.64065017358774],[188.07261657714844 329.8804626464844 305.5248718261719 412.1752624511719],0.8211917281150818,76A22222,0.9995762655069279
134,12.0,[32.9249022417458 115.16536769897803 460.20035139593256 419.540836948755],[188.08250427246094 329.7741394042969 305.56622314453125 412.113037109375],0.8202585577964783,76A22222,0.9974736115877675
135,12.0,[32.971602228740124 115.24560710321879 460.0945243200548 419.47321374909046],[188.0841827392578 329.8232116699219 305.59613037109375 412.0767822265625],0.820745050907135,76A22222,0.9972378257598508
136,12.0,[33.05713857137695 115.33171440635718 460.03030602131196 419.4293937281328],[188.07879638671875 329.7589111328125 305.57159423828125 412.1630554199219],0.8196492195129395,76A22222,0.9972378257598508
137,12.0,[33.08460710081101 115.42426026486555 459.9093923248612 419.4217781209999],[188.0394287109375 329.82196044921875 305.5538024902344 412.1432800292969],0.8219736814498901,76A22222,0.9996740440693129
138,12.0,[34.08188577126725 114.14588251309885 460.38009092263934 418.16090012839834],[186.51239013671875 328.77044677734375 304.54254150390625 411.6211242675781],0.7739423513412476,76A22222,0.9674909041824802
139,12.0,[34.26018053274814 113.57524041010626 460.3628596859538 417.5785255693711],[187.2183837890625 329.6396789550781 304.0677795410156 409.75909423828125],0.7748348116874695,76A22222,0.9994290623904121
140,12.0,[34.46472671739306 112.87956052653018 460.45134152100854 417.1263625005903],[185.96653747558594 327.0230712890625 304.1227722167969 409.50933837890625],0.7769038081169128,76A22222,0.9999898173990164
141,12.0,[34.79883027874462 112.08772295160549 460.52406611663974 416.5006146018],[185.79666137695312 325.8833312988281 304.34649658203125 410.8135681152344],0.7837427854537964,76A22222,0.8470512449463764
142,12.0,[34.97003669010587 111.65686649721482 460.4650635423769 416.1627404337415],[186.22401428222656 325.2795104980469 304.1581115722656 410.61224365234375],0.7854966521263123,76A22222,0.6348083784249976
143,12.0,[35.077987687749186 111.49908242779028 460.3826571011598 416.0540410598028],[186.20619201660156 325.29864501953125 304.14349365234375 410.6370544433594],0.7856111526489258,76A22222,0.9999985605754728
144,19.0,[37.87809315807999 114.88831275530535 456.676603894495 414.8054136851629],[186.34107971191406 325.0774230957031 304.23870849609375 410.65655517578125],0.786020815372467,76A22222,0.999658977340746
145,19.0,[37.628473404021776 114.88416348170736 456.5999530383933 414.78311684984226],[186.34474182128906 325.0401611328125 304.3203125 410.575927734375],0.7857996821403503,76A22222,0.9980610251505283
146,19.0,[38.282383049101526 113.25126877476279 457.01583385683705 413.45190457993556],[186.57925415039062 323.1466979980469 306.1587219238281 409.4812316894531],0.7820967435836792,76A22222,0.9997187744529802
147,19.0,[38.547592670397876 112.6580711350361 457.096281605532 413.0218418270758],[186.55088806152344 323.1277770996094 306.1670227050781 409.5452880859375],0.7820448279380798,76A22222,0.9997471373390701
148,19.0,[38.51733666422632 112.70457206865106 456.5848595718066 412.44837141215214],[185.25259399414062 323.6703796386719 305.85614013671875 409.0726013183594],0.7863112092018127,76A22222,0.9999794215372189
151,20.0,[38.707581297505584 110.79083076756501 456.43584778624927 410.0921292632281],[186.04135131835938 322.1180725097656 305.253662109375 408.2870788574219],0.7993981838226318,76A22222,0.9999970145266341
152,20.0,[38.75257929805787 110.61828918740457 456.4424343325288 410.2559441213541],[186.278076171875 321.9549560546875 305.2126770019531 408.1130676269531],0.7991328835487366,76A22222,0.9999861388647617
153,20.0,[38.96581160680927 110.52137619542 456.45827404184575 410.3191611086129],[186.49378967285156 321.9892883300781 305.2128601074219 407.960205078125],0.7987104058265686,76A22222,0.9997451114217848
154,20.0,[39.132237154600034 110.49352206912633 456.451685058884 410.3678370182714],[186.6224365234375 321.9334716796875 305.1955261230469 407.955810546875],0.797482967376709,76A22222,0.9998077013794072
155,20.0,[39.93894848523641 111.26876385112158 456.9140015640328 410.5700270169481],[186.574462890625 322.0408020019531 305.16802978515625 407.90631103515625],0.7990407347679138,76A22222,0.9990090297302652
156,20.0,[40.24083433613589 111.65071639486712 457.0415284039135 410.56907907126424],[186.55789184570312 322.0299377441406 305.1712341308594 407.8968200683594],0.7989532947540283,76A22222,0.9964117460657727
157,20.0,[39.49685944096419 111.01249977835414 456.5065998003099 410.2974872040526],[186.52517700195312 321.9649963378906 305.1518859863281 407.93572998046875],0.798568844795227,76A22222,0.9995207016774448
158,20.0,[39.22759050870249 110.72770828121637 456.34591818110096 410.25810643548755],[186.4932861328125 322.0038757324219 305.1128234863281 407.9339599609375],0.7989839911460876,76A22222,0.9999376247128333
159,20.0,[39.21573123850186 110.58684383047 456.3345487509856 410.23169325264666],[186.5154266357422 321.8971252441406 305.1376953125 407.91046142578125],0.7976659536361694,76A22222,0.9997638244814331
160,20.0,[40.01446444798853 111.29032252481244 456.8791265778208 410.4478331237363],[186.47589111328125 321.894287109375 305.1510009765625 407.92803955078125],0.797922670841217,76A22222,0.9997507626635289
161,20.0,[39.663462087357345 110.79302119294954 456.51483724661983 410.1912005330211],[186.55650329589844 321.8855895996094 305.1634826660156 407.91912841796875],0.7976601123809814,76A22222,0.9997720347566631
162,20.0,[39.46476284730019 110.57076548768555 456.35230543894454 410.14890022461464],[186.536376953125 321.9039306640625 305.15179443359375 407.9168395996094],0.7984148859977722,76A22222,0.9997720347566631
163,20.0,[40.3578705290918 111.07392347099432 456.86346642385513 410.34765433342903],[185.58963012695312 320.28021240234375 305.779296875 407.9416809082031],0.7952696084976196,76A22272,0.8057104936466811
164,20.0,[40.75481927300842 111.31205424415168 456.99277350184735 410.3719493751137],[185.5917205810547 320.28070068359375 305.7722473144531 407.9400634765625],0.7953360080718994,76A22272,0.8057104936466811
166,20.0,[40.78873167538737 111.2752805202704 456.8962988853639 410.4631487871029],[186.68971252441406 319.71295166015625 307.09564208984375 406.0220642089844],0.7873381972312927,76A22222,0.999997174462734
167,20.0,[40.71124292619342 109.74022548493906 456.89867950610005 408.569444579168],[186.93663024902344 320.90625 303.907470703125 404.13818359375],0.7802484631538391,76A22222,0.9800115707568512
168,20.0,[40.64248648519569 109.22953350417748 456.90411738084265 407.7998477100485],[186.9525146484375 320.9151306152344 303.8821105957031 404.1338806152344],0.7801929712295532,76A22222,0.9725953984668125
169,20.0,[41.04022617927927 108.71882143892842 457.09602832755513 407.41549266792583],[187.00643920898438 317.5671081542969 304.3266906738281 402.4145812988281],0.7862640619277954,76A22222,0.9986238740184638
170,20.0,[40.97654299165259 108.18706977515123 456.9751384562896 406.825608744801],[187.06185913085938 315.4732666015625 304.99615478515625 402.15081787109375],0.7897094488143921,76A22222,0.9999981873912962
171,20.0,[40.92336743527068 107.82934953524341 456.94948749801017 406.49058164322594],[187.81105041503906 314.9892272949219 305.8117980957031 400.86517333984375],0.7925540804862976,76A22222,0.9999947221088713
172,21.0,[40.473701742183664 108.36157769027065 455.9542408908696 408.89147178719656],[187.7931365966797 314.9444580078125 305.8179931640625 400.9056091308594],0.7925617694854736,76A22222,0.9999947221088713
173,21.0,[40.424195344906025 108.25327555545644 455.9774314125829 408.86181582867346],[187.74032592773438 315.0289611816406 305.70098876953125 400.8707275390625],0.7922019958496094,76A22222,0.9999920031939764
174,21.0,[40.34314950203844 108.16536173770939 455.96807285655126 408.83870529657906],[187.78173828125 315.0353698730469 305.68682861328125 400.75506591796875],0.7919917106628418,76A22222,0.9999037712664194
175,21.0,[40.35883677489073 108.10803411326935 455.9986646120514 408.833057046985],[187.90478515625 315.1361083984375 305.6921081542969 400.601806640625],0.7925156950950623,76A22222,0.999636297626122
176,21.0,[40.41795911383929 108.07794508138105 456.08255296859227 408.8335871667855],[187.9623565673828 315.0817565917969 305.6889953613281 400.6528015136719],0.7924496531486511,76A22222,0.9994467098385489
177,20.0,[41.00175125870999 107.4843758649879 456.93904640837735 406.36388291075843],[187.91746520996094 315.1894836425781 305.7516174316406 400.6377258300781],0.7923533320426941,76A22222,0.9999949886691082
178,20.0,[41.076202462424135 107.5599053493485 456.9549911374572 406.4327202581628],[187.96888732910156 315.2362060546875 305.7179870605469 400.7537536621094],0.7924515008926392,76A22222,0.9999949353570614
179,20.0,[41.134387104287924 107.49744097194855 456.95310238508375 406.3754019762239],[187.92401123046875 315.31396484375 305.72015380859375 400.7431640625],0.7924091219902039,76A22222,0.9999952552293366
180,20.0,[39.2372372430647 95.25008557975829 456.26188972314947 395.02811776171905],[187.79061889648438 298.2010498046875 304.2947998046875 384.56707763671875],0.7888855338096619,76A22222,0.9994142939538831
181,20.0,[38.331581569918 90.45829739390794 456.2358981774358 390.89261901090424],[187.81483459472656 298.20159912109375 304.30828857421875 384.529296875],0.7890722155570984,76A22222,0.999544596526585
182,20.0,[38.74191829919974 87.4720562183663 456.6361464236295 387.85013412229],[185.3065643310547 296.8489685058594 305.5057373046875 383.1475524902344],0.801790177822113,76A22222,0.9982292162033709
183,20.0,[38.914585876068884 86.39518666460259 456.8007765168119 386.7327338474561],[185.32736206054688 296.8680725097656 305.4930725097656 383.1384582519531],0.8017680644989014,76A22222,0.9982292162033709
184,20.0,[38.837393811533985 52.63361635440603 456.6556465697963 352.7296147030165],[185.36959838867188 244.85740661621094 305.6566467285156 330.44281005859375],0.7960100173950195,76A22222,0.9979061939062303
185,20.0,[38.843969704227334 39.960292097444864 456.6004079681294 339.8795926593509],[185.39572143554688 244.8824005126953 305.63604736328125 330.4176330566406],0.7962289452552795,76A22222,0.9979061939062303
186,20.0,[38.89018923866698 35.3647400927386 456.55514615649656 335.12535463765545],[185.3840789794922 244.87318420410156 305.6502990722656 330.43316650390625],0.7958243489265442,76A22222,0.9959438971528706
187,20.0,[38.06554581063662 17.92293836329989 456.25558577553124 316.77468708820084],[185.29945373535156 223.62887573242188 305.36053466796875 303.3507080078125],0.7843935489654541,76A22222,0.9999954151654696
188,20.0,[40.03333490872586 7.502560741491038 457.47121787496803 305.81163097049864],[188.33123779296875 217.8148651123047 302.9327087402344 295.5434265136719],0.7969387173652649,76A22272,0.9181930373665349
189,20.0,[40.92284932406463 3.8554853081012936 457.80653448550606 301.7714401277789],[188.3560791015625 217.8232421875 302.92193603515625 295.5426330566406],0.7969738245010376,76A22272,0.9181930373665349
190,20.0,[38.76165048239619 -1.8122055864966455 456.83360024472194 294.144789444015],[189.46942138671875 209.35769653320312 302.11102294921875 283.3216552734375],0.7984660267829895,76A22222,0.9995377722190145
191,20.0,[39.00198850409447 -3.757469236531847 456.66769742641816 290.1727346849616],[188.86279296875 206.74815368652344 301.5511474609375 281.0121154785156],0.7969925403594971,76A22222,0.9998458735626339
192,20.0,[38.937618109672286 -8.07621020795196 456.3447075699836 278.38008884021554],[188.4312286376953 186.282958984375 305.4802551269531 264.6476745605469],0.7870184779167175,76A22222,0.9996995814686613
192,22.0,[581.3523805076807 227.3457562924005 975.8552100058625 442.80165580679926],[708.6174926757812 403.7778015136719 835.0358276367188 447.0716247558594],0.7350635528564453,51A13883,0.6130817439012561
193,20.0,[38.74987991158849 -9.718559835570005 456.0479912634453 268.0596789040851],[185.77780151367188 173.12994384765625 304.8546447753906 255.42330932617188],0.8129928112030029,76A22222,0.9467615889440978
193,22.0,[582.5964590925103 215.37522266464504 978.3565201631743 441.4508180544222],[708.9666748046875 391.32659912109375 833.606689453125 439.6723327636719],0.7469998598098755,51A13883,0.9614782177575233
194,20.0,[38.95746012351984 -10.290613913236612 456.2727532156023 258.7785978701348],[188.24496459960938 168.9500274658203 302.9274597167969 242.38829040527344],0.7810844779014587,76A22222,0.9964321539678149
194,22.0,[582.2915895384186 208.03186001640574 970.7145444378845 441.64675562362197],[707.3585815429688 381.5766906738281 833.3992919921875 431.9651184082031],0.7577856183052063,61A13883,0.34347468547093674
195,20.0,[39.25244101876183 -8.82351391850436 456.2540930534019 254.15817933908454],[188.3181915283203 169.00973510742188 302.9436950683594 242.2760772705078],0.780049741268158,76A22222,0.9998273739366583
195,22.0,[583.8800092536426 204.48938297422197 966.1681287920553 443.4469416290518],[707.5408935546875 381.4681701660156 833.341796875 432.1883544921875],0.7578757405281067,61A13883,0.3855712889895718
196,20.0,[39.28311095741242 -8.653200743184527 456.2704786158417 248.02106241702677],[189.6101531982422 162.88375854492188 302.2433166503906 236.6766815185547],0.7859666347503662,76A22222,0.9996664201543732
196,22.0,[586.1919314175163 197.15537744553393 966.4985669786342 443.3880727247036],[708.0198364257812 377.6375732421875 833.9470825195312 428.35491943359375],0.7501108646392822,51A13883,0.9267969525491386
197,20.0,[37.462757160965225 -7.713717866750358 455.10216228326084 243.8435657072957],[189.71739196777344 159.05624389648438 302.88616943359375 234.67710876464844],0.7953526377677917,76A22222,0.9996979624161686
197,22.0,[587.7804347813625 192.4459245538989 965.4665114943949 444.379799362001],[708.5681762695312 374.6845397949219 833.8779907226562 426.1661376953125],0.7526764869689941,61A13883,0.5779164901746462
198,22.0,[589.0928517003887 189.1725162003257 964.8628719221616 445.6366989154395],[708.0885620117188 370.8241882324219 834.2954711914062 425.99871826171875],0.7625131011009216,61A13883,0.47848207147797484
199,22.0,[590.1041521841039 187.315434151651 964.1334125362539 446.99746330229],[708.11279296875 370.8627624511719 834.2608032226562 425.9592590332031],0.762561559677124,61A13883,0.3572028355760047
200,20.0,[37.98782449347132 -4.049256155463027 454.82352063533574 239.15289733017147],[190.12811279296875 158.21775817871094 301.7280578613281 233.7422332763672],0.7937355041503906,76A22222,0.7230459605157121
200,22.0,[589.526824636016 186.2058064756604 960.2208859409777 448.0490826958094],[708.8888549804688 370.6044006347656 833.5062255859375 423.9295349121094],0.7603150010108948,51A13883,0.5588242603639377
201,20.0,[38.00375160878835 -3.250094368467387 454.5965517915547 238.35101174272154],[190.07933044433594 158.29473876953125 301.9718322753906 233.5021514892578],0.793340265750885,76A22222,0.9957716987837523
201,22.0,[590.0805767841831 185.59866780069953 958.3503871929926 448.9353711068744],[709.061279296875 370.5224304199219 833.61181640625 423.41461181640625],0.7582839131355286,61A13883,0.5278601139250412
202,20.0,[37.95502435876196 -2.5925158024228807 454.4412295120112 237.81911654489886],[189.3353729248047 157.14561462402344 302.8855895996094 233.8920135498047],0.7922703623771667,76A22222,0.9915142245472413
202,22.0,[590.9009163194513 185.54460025735276 957.5127391052562 449.7261477282209],[709.1036987304688 370.25054931640625 833.8870849609375 423.21502685546875],0.7574400901794434,61A13883,0.4169092135519615
203,20.0,[37.94564868543583 -2.032167757723599 454.3713850312953 237.51866774720372],[189.3260498046875 157.15391540527344 302.91741943359375 233.91537475585938],0.7922202348709106,76A22222,0.9896821413768875
203,22.0,[591.6322013822949 185.40542753705063 957.0526095172918 450.19519781799374],[709.0830078125 370.2348937988281 833.8604125976562 423.17608642578125],0.7570961713790894,61A13883,0.6108475687262491
204,20.0,[38.73518717151387 -1.47561554033949 454.94368942564773 237.62470268836876],[189.10317993164062 157.1533660888672 303.0064392089844 233.114990234375],0.7894907593727112,76A22222,0.9995938067699842
205,20.0,[38.654109202954004 -1.0799215853196387 454.9675497865462 237.74301115352603],[189.13902282714844 157.40843200683594 302.9901123046875 232.6704864501953],0.7879089117050171,76A22222,0.9999946154847742
205,22.0,[593.0074630083656 183.55664443239775 960.3200590882283 450.3217416179733],[708.81005859375 369.8777160644531 833.72998046875 423.24432373046875],0.7572122812271118,51A13883,0.5460136759892086
206,20.0,[38.65000538086559 -0.8125393330459048 455.0348830432506 237.80659262073988],[189.12701416015625 157.39471435546875 303.0213623046875 232.67977905273438],0.7879704236984253,76A22222,0.9999935492437295
206,22.0,[592.8103159354345 183.18912986797935 960.6528352176216 450.5452883968919],[708.8185424804688 369.88067626953125 833.746826171875 423.2678527832031],0.7573469281196594,51A13883,0.4867653194964979
207,20.0,[38.169725263684825 -1.8452496992882175 454.5339708567768 234.59463730567467],[187.47967529296875 149.9923858642578 302.71002197265625 228.98138427734375],0.8029301762580872,76A22222,0.9999933359955044
207,22.0,[591.8356305030647 180.34213935004314 959.1642163112481 449.5023191156064],[709.116943359375 365.9830627441406 833.482666015625 414.2215576171875],0.7539634704589844,61A13883,0.41930455124690974
208,20.0,[38.113823997634796 -1.7504108594563519 454.37713772820223 233.19172315352932],[187.47500610351562 150.02316284179688 302.7038269042969 228.91307067871094],0.8026812076568604,76A22222,0.8520921501049149
208,22.0,[591.5867759870451 179.0178131587171 958.4234073775903 449.4461434023399],[709.1097412109375 365.9695129394531 833.4873657226562 414.2306213378906],0.7539886832237244,61A13883,0.41930455124690974
209,20.0,[38.859762009808264 -4.192036953651538 455.51043676182115 224.8861309941916],[188.80067443847656 138.6356658935547 303.81976318359375 212.14498901367188],0.7859457731246948,76A22222,0.9998689580536589
209,22.0,[592.210071795029 171.0521075972801 957.3085258548114 439.119247330684],[708.337890625 351.71954345703125 835.0657958984375 403.206787109375],0.7451858520507812,51A13883,0.8943739614844431
210,20.0,[37.970855419091805 -5.213858996686 455.4452956251886 217.4052545263387],[186.1393585205078 124.45735931396484 304.8358154296875 207.1201629638672],0.7833765745162964,76A22222,0.8556822344857676
210,22.0,[593.7787493868592 160.21563424742294 959.1797403836198 428.6065981746542],[709.5977783203125 345.61981201171875 832.7421264648438 389.659423828125],0.7301969528198242,61A13883,0.5599455943877553
211,20.0,[38.48069509605102 -5.5267424906493545 455.8744384617484 210.71408442647683],[185.58200073242188 122.3723373413086 303.386474609375 203.43325805664062],0.7845010161399841,76A22222,0.9999947754209193
211,22.0,[595.6168628810638 154.6243334613089 963.3231356622312 424.1724158256154],[709.8735961914062 341.83648681640625 833.7443237304688 387.4373779296875],0.7423332929611206,61A13883,0.5414672490941476
212,20.0,[39.12517125540728 -4.657891052710156 456.1437783842854 206.77654822504059],[187.66326904296875 117.13967895507812 304.46649169921875 197.73825073242188],0.7906301021575928,76A22222,0.9999952552293366
213,20.0,[39.737317555890996 -3.445769719607412 456.09988571024587 204.4810873641992],[188.22488403320312 117.13441467285156 304.2532653808594 196.77537536621094],0.7898139953613281,76A22222,0.5269686140130171
213,22.0,[594.7331946987097 156.83729251170962 961.3338801981442 419.69873864704914],[708.2057495117188 336.054443359375 833.232666015625 384.7606201171875],0.7527559399604797,51A13883,0.979586854722347
214,22.0,[594.394254037463 161.66692643615494 959.8696536263874 419.72594448596595],[708.4354858398438 334.5397033691406 833.2918701171875 383.2166442871094],0.7548925876617432,61A13883,0.4562407365280162
215,22.0,[594.5046362399107 164.44164249934568 959.0506316215235 419.01004743798296],[708.4386596679688 334.5567932128906 833.2861938476562 383.210205078125],0.7549517154693604,61A13883,0.4496794164713672
216,20.0,[41.877859482606596 -1.7323430744836088 455.689336368863 198.63055949009117],[188.26873779296875 117.3005142211914 303.1319885253906 195.59494018554688],0.7936536073684692,76A22222,0.9981526067512946
216,22.0,[594.3103042802688 168.02848239334054 957.5001868559405 418.9014403783852],[708.5171508789062 334.456787109375 833.1996459960938 382.5651550292969],0.7571828961372375,61A13883,0.5327940935828026
217,20.0,[42.03973672550191 -1.0879397414068563 455.47803888998305 197.9974119287993],[188.27389526367188 117.31607818603516 303.1438293457031 195.60870361328125],0.7935590744018555,76A22222,0.9995235733382414
217,22.0,[594.5121928390872 170.06484866494282 956.6538882207053 418.25370502058934],[708.5006713867188 334.465087890625 833.1937255859375 382.5506591796875],0.7570335865020752,61A13883,0.5321899798996764
218,20.0,[42.04002820034435 -0.5935620302568481 455.34361611119294 197.47867351841717],[187.93508911132812 118.47260284423828 303.138916015625 195.21080017089844],0.7870602607727051,76A22272,0.6127998832855592
219,20.0,[42.06050384636944 -0.20621254301381953 455.2200800676123 197.08282045526175],[187.9145050048828 118.96431732177734 303.18267822265625 194.81396484375],0.7839100956916809,76A22222,0.9999944555486261
220,20.0,[42.05406851778142 0.12178576977650835 455.12146612347885 196.8286181237297],[187.93869018554688 119.2127914428711 303.19921875 194.62342834472656],0.7827931642532349,76A22222,0.9999850193105412
221,20.0,[42.06129828563434 0.3859757391107195 455.07511695028217 196.676532773291],[187.93878173828125 119.21939849853516 303.1887512207031 194.62083435058594],0.7828051447868347,76A22222,0.9999850193105412
221,22.0,[595.0694693345499 170.15211308582383 954.3096633027774 413.6660133868027],[707.987060546875 333.35650634765625 833.2449951171875 381.4676818847656],0.7564424872398376,61A138837,0.2711144563857617
222,20.0,[42.05842451398135 0.5955985951027856 455.0563179442421 196.59149538790177],[187.9888916015625 119.34793853759766 303.1130676269531 194.50570678710938],0.7826594114303589,76A22222,0.9999410367062271
222,22.0,[595.3172622320521 171.1348602415599 953.9670336501126 413.55231789877735],[708.07275390625 333.4532470703125 833.2047119140625 381.1590270996094],0.7561162114143372,61A13883,0.6351178290717858
223,20.0,[42.10871303134843 0.7608539046920413 455.09152960319807 196.54704378542482],[187.97267150878906 119.19081115722656 303.2002258300781 194.4278106689453],0.7828984260559082,76A22222,0.9996828941997264
223,22.0,[595.5103086820249 171.40522325817145 953.7106789212229 413.1487877419655],[708.1146240234375 333.3750305175781 833.1739501953125 381.0711975097656],0.7560254335403442,61A13883,0.8124589966853539
224,20.0,[42.1106352430389 0.9064711905547114 455.11401224914584 196.583116671653],[187.96588134765625 119.27590942382812 303.14739990234375 194.37826538085938],0.7826923727989197,76A22222,0.9998770082886219
224,22.0,[595.6861509598417 171.56530903522517 953.6928027536345 412.96805208135845],[708.0908813476562 333.412109375 833.18603515625 381.004638671875],0.7556455135345459,61A13883,0.7559739584524449
225,20.0,[42.01656051695352 0.9929782505122375 455.11351275099963 196.58461258727033],[187.91690063476562 119.22633361816406 303.17401123046875 194.42178344726562],0.7827092409133911,76A22222,0.9997439385220824
225,22.0,[595.7365286922386 171.68958343895093 953.4374631388177 412.7087291618944],[708.1100463867188 333.4172058105469 833.2090454101562 381.07830810546875],0.7558691501617432,61A13883,0.6624763462590084
226,20.0,[42.09409197945297 1.0626387523682865 455.17868397864567 196.607603834797],[187.88705444335938 119.25515747070312 303.1960754394531 194.47525024414062],0.7824499011039734,76A22222,0.999993869116057
226,22.0,[595.8059187391416 170.82090936528112 953.4016168007445 412.1229196896049],[708.1284790039062 333.3801574707031 833.2432250976562 381.06097412109375],0.7558972835540771,61A13883,0.6252399821292959
227,20.0,[42.11719476381623 1.1207326517736647 455.2088772610068 196.64209730412082],[187.87960815429688 119.2434310913086 303.1818542480469 194.48989868164062],0.7822864055633545,76A22222,0.9997275179091946
227,22.0,[595.8876836237815 170.34764104503014 953.4142123003229 411.88259583122806],[708.111083984375 333.36468505859375 833.2498779296875 381.0459899902344],0.7558355927467346,61A13883,0.632177560694335
228,20.0,[42.08715314832256 1.1675975463491284 455.2162799875729 196.68088784937666],[187.8561248779297 119.17994689941406 303.1759033203125 194.48492431640625],0.7825255990028381,76A22222,0.9999940823642687
228,22.0,[595.9858368400498 168.76292252342577 953.5626691998166 411.24792771224986],[708.0385131835938 333.3117370605469 833.3220825195312 381.136962890625],0.7560977339744568,51A13883,0.55949863063358
229,20.0,[42.02349273146663 1.2174728731835671 455.21581453108683 196.75657719829152],[187.84498596191406 119.1965103149414 303.1824645996094 194.49148559570312],0.7824840545654297,76A22222,0.9999938158040033
229,22.0,[596.0570705228349 168.40882163811602 953.6581618883247 411.3700446692119],[708.0609130859375 333.2901306152344 833.2999877929688 381.0914001464844],0.7560572624206543,51A13883,0.5717573881075912
230,20.0,[41.98359288155254 1.2239857937771745 455.2001401423587 196.75882027452178],[187.88638305664062 119.27593231201172 303.15325927734375 194.47048950195312],0.7825978994369507,76A22222,0.9994630243651358
230,22.0,[596.0867067366901 168.3906276494251 953.6520806053052 411.64808411550075],[708.0640869140625 333.3328552246094 833.2710571289062 381.10748291015625],0.7557770013809204,51A13883,0.581060152964694
231,20.0,[41.975841161249406 1.2369366494807537 455.2156194192561 196.77371368863737],[187.89952087402344 119.2799301147461 303.1620178222656 194.4730224609375],0.7825688719749451,76A22222,0.9994630243651358
231,22.0,[596.1202002836206 168.31983329828745 953.6507800581065 411.7867674843069],[708.06787109375 333.322509765625 833.2777709960938 381.10650634765625],0.7558557391166687,51A13883,0.5965784442345302
232,20.0,[41.93239978174489 1.2717207080784476 455.2540446108254 196.83379228248702],[187.91065979003906 119.1942138671875 303.1752014160156 194.50942993164062],0.7823311686515808,76A22222,0.999561017494139
232,22.0,[596.2223314906678 168.62859293975043 953.7214989867437 411.8529593936429],[707.9855346679688 333.2616882324219 833.2341918945312 381.1876525878906],0.7558462023735046,61A13883,0.34059427314126917
233,20.0,[41.89150393000759 1.2895489271888323 455.28117295390007 196.87642104082025],[187.90097045898438 119.1756362915039 303.1719055175781 194.52293395996094],0.7824540734291077,76A22222,0.999561017494139
233,22.0,[596.2752404010565 168.67674386257 953.7516842268982 411.7813018109774],[707.982177734375 333.2464294433594 833.2376708984375 381.1888732910156],0.7558582425117493,61A13883,0.3184266861950036
234,20.0,[41.77154141802768 1.3006452848581915 455.24068345037426 196.92104764325478],[187.8932647705078 119.21154022216797 303.16778564453125 194.4733428955078],0.7824758887290955,76A22222,0.9995561658479485
234,22.0,[596.3600782060174 168.79127649251336 953.8553915667386 411.7632754843744],[707.9907836914062 333.25091552734375 833.242919921875 381.1779479980469],0.7559664845466614,61A13883,0.2884479019286802
235,20.0,[41.81486393243671 1.2989791503765105 455.32782703526277 196.9331957336015],[187.89419555664062 119.1489028930664 303.2015380859375 194.52584838867188],0.7827320098876953,76A22222,0.9995128207976464
235,22.0,[596.3509869331348 168.24891199491515 953.8186879217632 411.53848026916125],[707.9815063476562 333.2381591796875 833.1996459960938 381.17120361328125],0.7559194564819336,61A13883,0.33916880604697985
236,20.0,[41.548167591596865 1.296867474527943 455.26352285323514 196.9282835608841],[187.84632873535156 119.0899887084961 303.1538391113281 194.51345825195312],0.7830625772476196,76A22222,0.9996225958388827
236,22.0,[596.3168583135777 167.39876144293393 953.7837994743642 411.40141907307145],[708.011962890625 333.26947021484375 833.16796875 381.1505126953125],0.7557098865509033,61A13883,0.7471263320988357
237,20.0,[41.575319196916155 1.2868027377381708 455.33921011843256 196.90399994536136],[187.8560028076172 119.1340560913086 303.18084716796875 194.52015686035156],0.7827471494674683,76A22222,0.9995279622672469
237,22.0,[596.350368597132 166.24287100402603 953.9225424047281 411.2269332121864],[708.0107421875 333.2283935546875 833.15087890625 381.1815490722656],0.7557420134544373,61A13883,0.721962228295668
238,20.0,[41.4281266014527 1.2891137583546737 455.32816779946154 196.8867206757206],[187.88479614257812 119.05834197998047 303.16790771484375 194.50042724609375],0.782996416091919,76A22222,0.9999943489245257
238,22.0,[596.3363503855267 166.73345973234674 953.8915746584953 411.83333876276185],[708.0245361328125 333.28009033203125 833.2003173828125 381.15826416015625],0.755829930305481,61A13883,0.7406592997877038
239,20.0,[41.43770719171209 1.308285072843134 455.37734447304865 196.91072698051096],[187.87171936035156 119.04276275634766 303.15704345703125 194.50555419921875],0.7830744385719299,76A22222,0.9997124834240227
239,22.0,[596.3822186793316 166.60071696200185 953.9089864810794 411.84291400017054],[708.0147705078125 333.27655029296875 833.1840209960938 381.1579895019531],0.7558598518371582,61A13883,0.7647170102753001
240,20.0,[41.47186678031517 1.312622029502677 455.43397499478067 196.915161091421],[187.8245391845703 119.06155395507812 303.1409606933594 194.50698852539062],0.7830931544303894,76A22222,0.999993602555785
240,22.0,[596.3826138952782 167.3693754569377 953.7868796322005 412.135168380288],[708.015625 333.2859802246094 833.1060791015625 381.1364440917969],0.7556983232498169,61A13883,0.7565189646820267
241,20.0,[41.565123929271834 1.3175494721761538 455.4973481982868 196.92030823116198],[187.82601928710938 119.09147644042969 303.1452331542969 194.50991821289062],0.7828758358955383,76A22222,0.9999936558678401
241,22.0,[596.442550829976 167.08215009840032 953.778509785559 411.88301587991714],[708.0037231445312 333.3084411621094 833.08935546875 381.1585693359375],0.7556191086769104,61A13883,0.779106184479741
242,20.0,[41.53557759948902 1.3208203743788403 455.4965318077749 196.9354761647764],[187.85360717773438 119.10578918457031 303.14599609375 194.5035400390625],0.7827996611595154,76A22222,0.9997048595436847
242,22.0,[596.4530868653469 167.24351555259568 953.7375806262769 411.9261977162016],[708.004150390625 333.30621337890625 833.133544921875 381.16448974609375],0.7557507157325745,61A13883,0.7997988359354556
243,20.0,[41.40789258197893 1.3340132254716366 455.46716591527263 196.96706731139548],[187.8683319091797 119.13872528076172 303.13092041015625 194.4978485107422],0.7830179333686829,76A22222,0.999540597909535
243,22.0,[596.4837130743585 167.96994647589747 953.7382842806605 412.1834984419736],[708.0220947265625 333.23992919921875 833.1759033203125 381.1991882324219],0.755827009677887,61A13883,0.7496305205251981
244,20.0,[41.352056166132 1.358462544118268 455.4827957472948 197.04959228388526],[187.831787109375 119.0876693725586 303.1852111816406 194.54608154296875],0.7827406525611877,76A22222,0.999994402236576
244,22.0,[596.5433368010719 166.38189776511007 953.9074311437327 411.4890768772677],[708.001220703125 333.20074462890625 833.1854858398438 381.252197265625],0.7561570405960083,61A13883,0.7197795855299095
245,20.0,[41.34071637854015 1.3533791044974066 455.4937957463762 197.07636349609885],[187.83493041992188 119.10126495361328 303.18792724609375 194.53823852539062],0.7827854156494141,76A22222,0.9999941356763207
245,22.0,[596.5524561101508 166.0721442442181 953.9883886513558 411.5036042791347],[707.9900512695312 333.1972961425781 833.1924438476562 381.2347717285156],0.7560126781463623,61A13883,0.4093327949843214
246,20.0,[41.36441460443598 1.3467065319683371 455.52190979496646 197.0980377513706],[187.85926818847656 119.13480377197266 303.17010498046875 194.51513671875],0.7828287482261658,76A22222,0.9999942956124749
246,22.0,[596.5603092122043 165.62150934185843 954.0471988671371 411.3966213183346],[707.9966430664062 333.19305419921875 833.1857299804688 381.2459716796875],0.7561665773391724,61A13883,0.4751814613891297
247,20.0,[41.35417732265367 1.3369849439133645 455.5323917709387 197.1116578539489],[187.832763671875 119.12041473388672 303.1803283691406 194.51803588867188],0.7828402519226074,76A22222,0.9999942956124749
247,22.0,[596.5605006917949 165.76900728944753 954.077654337915 411.5946816548723],[707.99462890625 333.1894226074219 833.188232421875 381.261962890625],0.7562206983566284,61A13883,0.3996408481796383
248,20.0,[41.34861681142502 1.330115289782455 455.54967579927836 197.1285519812011],[187.83895874023438 119.12956237792969 303.1740417480469 194.52835083007812],0.7827650308609009,76A22222,0.9999939757401635
248,22.0,[596.553240376598 165.60079591598367 954.0915256208951 411.5795689751966],[707.99560546875 333.1899719238281 833.1835327148438 381.25286865234375],0.7561694383621216,61A13883,0.44043780784476916
249,20.0,[41.331568658749006 1.324247300465828 455.56136045517786 197.14529939727495],[187.84619140625 119.13358306884766 303.17791748046875 194.53134155273438],0.782711386680603,76A22222,0.9999944555486261
249,22.0,[596.5504971453773 165.7403388852602 954.0931705734653 411.7091101859266],[707.9984741210938 333.1953125 833.177490234375 381.25347900390625],0.7561646699905396,61A13883,0.42861339804099047
250,20.0,[41.31117228929665 1.3184193547645293 455.5744038912277 197.16214888617301],[187.83984375 119.12838745117188 303.1744689941406 194.52188110351562],0.782759428024292,76A22222,0.999994402236576
250,22.0,[596.5512188609598 165.75413765500687 954.0904885116361 411.7288235275646],[708.0042114257812 333.19287109375 833.184814453125 381.250244140625],0.7562161087989807,61A13883,0.737793049858864
251,20.0,[41.29762196967269 1.3112275682109242 455.5945125364108 197.17500609114296],[187.8357391357422 119.12367248535156 303.1791687011719 194.53366088867188],0.7828555703163147,76A22222,0.9999938158040033
251,22.0,[596.5558564762737 165.62083238795 954.0944864659918 411.68185628001936],[707.9974975585938 333.191650390625 833.1809692382812 381.2506103515625],0.756183385848999,61A13883,0.399293835484599
252,20.0,[41.28511628412471 1.3027793769717846 455.6123195315482 197.18214828869583],[187.8482208251953 119.13075256347656 303.1748046875 194.52862548828125],0.7827372550964355,76A22222,0.9999941889883724
252,22.0,[596.5579525302152 165.7315601902041 954.0785321504262 411.7601682626808],[707.9972534179688 333.1955261230469 833.1784057617188 381.25152587890625],0.7561634182929993,61A13883,0.4409094446912473
253,20.0,[41.26961265372077 1.3007183461252652 455.6282866407199 197.20322699953857],[187.83950805664062 119.12714385986328 303.1778869628906 194.52528381347656],0.7826929092407227,76A22222,0.9999942423004239
253,22.0,[596.5680588664852 165.73213216406722 954.0785855320062 411.75823869848034],[708.002685546875 333.1932373046875 833.185302734375 381.2521057128906],0.7561928629875183,61A13883,0.7405450359193411
254,20.0,[41.25202432647421 1.2938501701163005 455.6458624790678 197.21626846014357],[187.83934020996094 119.13482666015625 303.1720275878906 194.52618408203125],0.7828010320663452,26A22222,0.9993947803845256
254,22.0,[596.5721900693812 165.6417359163095 954.0721695000501 411.71328525924946],[708.0003662109375 333.1929931640625 833.1802978515625 381.24871826171875],0.7561852931976318,61A13883,0.7342002642154343
255,20.0,[41.28070476285768 1.2657708815647624 455.68296249140315 197.18657175671012],[187.81578063964844 119.12472534179688 303.1765441894531 194.55982971191406],0.782819390296936,76A22222,0.9999941356763207
255,22.0,[596.5878580958864 166.82619532363336 954.0621379943306 412.1987985604495],[707.9732666015625 333.2306213378906 833.2159423828125 381.26593017578125],0.7561339735984802,61A13883,0.4273209566287921
256,20.0,[41.51046400012754 1.2664997070601487 455.84619855784683 197.2290165165812],[187.75054931640625 119.17621612548828 303.1809387207031 194.44692993164062],0.7831038236618042,76A22222,0.9996815080353326
256,22.0,[596.6770180837477 166.92568356019132 954.226468483655 411.98616516906617],[708.0966186523438 333.1881103515625 833.2924194335938 381.1599426269531],0.756276547908783,51A13883,0.8435422840036202
257,20.0,[41.53467426608552 1.2515936813664723 455.8535895448482 197.22725565453942],[187.82696533203125 119.14507293701172 303.1735534667969 194.5196990966797],0.7832077741622925,26A22222,0.9994753402124245
257,22.0,[596.6901615594941 166.49103867508467 954.3470923279706 411.6888375317728],[707.994384765625 333.1576232910156 833.237548828125 381.2506103515625],0.7564113736152649,61A13883,0.4197707892465517
258,20.0,[41.50469364699879 1.2370666926236566 455.8401409790364 197.21157888368668],[187.7891387939453 119.16319274902344 303.1977844238281 194.55276489257812],0.7829678654670715,76A22222,0.9995094086317448
258,22.0,[596.6424393008616 166.50430962150944 954.3119355017437 411.6692483921277],[707.9915771484375 333.1747131347656 833.2503051757812 381.2361145019531],0.756286084651947,61A13883,0.3967470473759436
259,20.0,[41.48966009201655 1.236816281373521 455.8458456378353 197.22623332149533],[187.7792510986328 119.10401916503906 303.2110595703125 194.5585479736328],0.7831822037696838,26A22222,0.9995226840819742
259,22.0,[596.6066932309934 166.37042594672062 954.2161815971817 411.54362648404754],[707.9927978515625 333.18365478515625 833.2603149414062 381.2292175292969],0.7562437653541565,61A13883,0.4070776679199873
260,20.0,[41.44116679013328 1.2310283358492171 455.8551448950541 197.2341052715148],[187.77345275878906 119.13094329833984 303.19842529296875 194.53736877441406],0.7831517457962036,26A22222,0.9995226840819742
260,22.0,[596.6180006907409 166.0800258205569 954.1663982911684 411.3805948125229],[708.008544921875 333.2135925292969 833.2476196289062 381.20684814453125],0.7562434673309326,61A13883,0.5071594626885793
261,20.0,[41.40356188848705 1.2403334742624992 455.85311376749337 197.2683509021502],[187.84219360351562 119.16649627685547 303.1303405761719 194.48573303222656],0.7835654616355896,76A22222,0.9996555973822181
261,22.0,[596.5826239261357 167.07009541086973 953.9968422209506 411.7961150883824],[708.0203857421875 333.2236022949219 833.3226928710938 381.2519226074219],0.7560666799545288,61A13883,0.44485059009203487
262,20.0,[41.387883228750496 1.2398664721893482 455.86949902655874 197.30046201406356],[187.84353637695312 119.15725708007812 303.1572570800781 194.50900268554688],0.7832313179969788,76A22222,0.9996555973822181
262,22.0,[596.5730656586833 167.91202117520982 953.8833107169722 412.061779985945],[708.02978515625 333.23016357421875 833.2913818359375 381.2286376953125],0.7560405731201172,61A13883,0.5273394281141378
263,20.0,[41.41490935549675 1.2326272952952877 455.88926128324545 197.32021811368773],[187.85890197753906 119.17027282714844 303.15753173828125 194.50572204589844],0.7834168076515198,76A22222,0.9995561658479485
263,22.0,[596.604274444748 168.0028302012381 953.8516078546588 411.946331621319],[708.0352172851562 333.234130859375 833.2677001953125 381.24310302734375],0.7559674978256226,61A13883,0.6530910607985294
264,20.0,[41.391621835181695 1.2177683785423454 455.8747748590058 197.32308430108452],[187.86192321777344 119.15155792236328 303.18023681640625 194.51560974121094],0.7831855416297913,76A22222,0.9995304147562543
264,22.0,[596.6594568942011 168.43411173385064 953.8997033913791 411.96362908797664],[708.0491333007812 333.2497253417969 833.23095703125 381.21417236328125],0.7559571266174316,61A13883,0.5398584547158963
265,20.0,[41.39602879487467 1.2113574382138381 455.8895324411963 197.33822047410686],[187.85008239746094 119.18535614013672 303.1712341308594 194.50437927246094],0.7830681204795837,26A22222,0.9995304147562543
265,22.0,[596.6904375687711 168.82841311295263 953.9269523316882 411.9634669031891],[708.04541015625 333.248291015625 833.2880249023438 381.2232971191406],0.7561068534851074,61A13883,0.6513437763410473
266,20.0,[41.40003307885888 1.2011473816371563 455.8997819209941 197.3434397620569],[187.84896850585938 119.17532348632812 303.1778259277344 194.50979614257812],0.7830946445465088,26A22222,0.9995304147562543
266,22.0,[596.7019295284924 169.10506217972465 953.9324295415329 411.91402651011765],[708.0442504882812 333.2486267089844 833.2872314453125 381.2241516113281],0.7561478018760681,61A13883,0.7013738422005104
267,20.0,[41.40030317440508 1.1938511176361715 455.9097132269309 197.35290531835497],[187.84959411621094 119.17765045166016 303.1793212890625 194.51231384277344],0.7830154299736023,26A22222,0.9995304147562543
267,22.0,[596.7063121601589 169.10810335624225 953.9309734376891 411.7762585446708],[708.0418701171875 333.2490539550781 833.2791137695312 381.2154235839844],0.7560875415802002,61A13883,0.6890657242657469
268,20.0,[41.389542672916065 1.187430048096175 455.9190640981159 197.36285308076134],[187.85191345214844 119.18102264404297 303.164794921875 194.50637817382812],0.7830924987792969,26A22222,0.9995304147562543
268,22.0,[596.7100585669855 169.25007623283992 953.920085190319 411.74997455517325],[708.0432739257812 333.2491149902344 833.2861938476562 381.22198486328125],0.7560820579528809,61A13883,0.6411499568154483
269,20.0,[41.379459859549684 1.1794837920150343 455.93118507847487 197.36841871961872],[187.8472900390625 119.1734619140625 303.1745300292969 194.508544921875],0.7830902338027954,26A22222,0.9995304147562543
269,22.0,[596.7168899274899 169.35007158477464 953.9154065726303 411.70438783077003],[708.0426025390625 333.25079345703125 833.2848510742188 381.2196960449219],0.7561265230178833,61A13883,0.664900577042852
270,20.0,[41.375877809826676 1.1727847165256122 455.9417599882411 197.37556907744175],[187.84799194335938 119.1684341430664 303.1809387207031 194.51181030273438],0.7830571532249451,26A22222,0.9995304147562543
270,22.0,[596.7257563845419 169.30645623828644 953.9167336981659 411.6123537145282],[708.0447998046875 333.2471618652344 833.2814331054688 381.21820068359375],0.7561333179473877,61A13883,0.6810262649050346
271,20.0,[41.35905119371151 1.1677341928386653 455.94918062843817 197.3854969447575],[187.8524627685547 119.18016052246094 303.171142578125 194.50515747070312],0.7831019163131714,26A22222,0.9995304147562543
271,22.0,[596.7315334528305 169.42159937900954 953.9072070454492 411.6234349995492],[708.0420532226562 333.2472839355469 833.2886962890625 381.2232360839844],0.7560926675796509,61A13883,0.6687808342480717
272,20.0,[41.344978468177516 1.1602782601296155 455.9615953760116 197.38985845149693],[187.84942626953125 119.17166137695312 303.1735534667969 194.50975036621094],0.7831354737281799,26A22222,0.9995304147562543
272,22.0,[596.7289176355577 169.37703052144929 953.8906059119662 411.5604083342318],[708.0405883789062 333.2518005371094 833.2830200195312 381.2183532714844],0.7561121582984924,61A13883,0.7036602259052808
273,20.0,[41.33991801456912 1.1544423250461762 455.97824495164537 197.39755584618274],[187.84690856933594 119.17288208007812 303.17950439453125 194.51004028320312],0.7830257415771484,76A22222,0.9999940290522162
273,22.0,[596.7405682687745 169.3993254177653 953.8943514737198 411.54233656549707],[708.0443115234375 333.25091552734375 833.2789306640625 381.2134094238281],0.7560898065567017,61A13883,0.6805278251832061
274,20.0,[41.325043276577304 1.149305524465177 455.9866037674617 197.40589979986305],[187.85231018066406 119.18585968017578 303.1707458496094 194.5052490234375],0.7830561399459839,26A22222,0.9995304147562543
274,22.0,[596.7545959242898 169.52943516693102 953.8985880632883 411.5756401256796],[708.045654296875 333.24542236328125 833.2909545898438 381.22711181640625],0.7561178803443909,61A13883,0.6370439744392878
275,20.0,[41.30631910314651 1.142405761589302 455.9951315786621 197.4099072904632],[187.85015869140625 119.17841339111328 303.1762390136719 194.51025390625],0.7830836176872253,26A22222,0.9995304147562543
275,22.0,[596.7553541395764 169.54224587480002 953.8915849605858 411.54937838680047],[708.0405883789062 333.2502136230469 833.2848510742188 381.220703125],0.7561131119728088,61A13883,0.7232753419281227
276,20.0,[41.30032140216906 1.1367249722131305 456.0113214399854 197.4165749258368],[187.8486328125 119.17037200927734 303.1744384765625 194.512451171875],0.7830619812011719,26A22222,0.9995304147562543
276,22.0,[596.7532766969896 169.40124553796443 953.8806044278303 411.47408320451893],[708.0425415039062 333.250732421875 833.2767944335938 381.2131652832031],0.756083071231842,61A13883,0.6387611398839805
277,20.0,[41.2860983721433 1.1320702256284534 456.0245089976481 197.42531321015758],[187.8503875732422 119.18097686767578 303.167236328125 194.50387573242188],0.7830693125724792,26A22222,0.9995304147562543
277,22.0,[596.7635403553287 169.52422704173483 953.8748143494298 411.52770541895364],[708.0442504882812 333.2477722167969 833.2883911132812 381.22247314453125],0.7560963034629822,61A13883,0.6924460953934461
278,20.0,[41.236776063183186 1.1106602533640881 456.0128811629818 197.3992736766623],[187.8283233642578 119.18310546875 303.2413635253906 194.5233154296875],0.7824982404708862,76A22222,0.9995304147562543
278,22.0,[596.7289191853441 168.28013586755702 953.828477979013 410.927667962046],[708.0196533203125 333.2276611328125 833.2266235351562 381.2614440917969],0.756061851978302,61A13883,0.6594977696495793
279,20.0,[41.21069645665844 1.1025034261643611 456.02233357590137 197.39289890681846],[187.8406982421875 119.1856689453125 303.2474365234375 194.52381896972656],0.7824342846870422,76A22222,0.9999942956124749
279,22.0,[596.7310282257545 167.9920943596374 953.8064556524791 410.97842249976196],[708.0225219726562 333.23736572265625 833.2911987304688 381.23370361328125],0.7561631798744202,61A13883,0.6525313318558841
280,20.0,[41.18300277186998 1.0998824129784168 456.0319985014961 197.39603649842627],[187.82980346679688 119.20050811767578 303.2426452636719 194.52540588378906],0.7823846936225891,76A22222,0.9999940290522162
280,22.0,[596.7355970623922 167.63368251411674 953.8076889306786 410.99222143297396],[708.0223388671875 333.24993896484375 833.2716674804688 381.2170104980469],0.7560550570487976,61A13883,0.6200455835583251
281,20.0,[41.160157320228535 1.0971349780682544 456.0460225196582 197.40065305985854],[187.8297119140625 119.19469451904297 303.24456787109375 194.5194854736328],0.7824424505233765,76A22222,0.9995304147562543
281,22.0,[596.7338665890443 167.18110369202947 953.7982442008126 410.95513458156717],[708.0178833007812 333.2449951171875 833.2869873046875 381.2232360839844],0.7560951709747314,61A13883,0.7121371737717681
282,20.0,[41.13732933312599 1.0913053050476833 456.05754978029387 197.39922184822925],[187.8301544189453 119.1980209350586 303.2440490722656 194.5189666748047],0.7824127078056335,76A22222,0.9995304147562543
282,22.0,[596.742810847533 167.3702528338241 953.7944187260451 411.1803625868863],[708.0192260742188 333.2439880371094 833.2858276367188 381.2231750488281],0.756094217300415,61A13883,0.6692046338698903
283,20.0,[41.11919710960075 1.0871166681788225 456.0687442178558 197.40037097921896],[187.83056640625 119.19935607910156 303.2413024902344 194.5221405029297],0.7824013233184814,76A22222,0.9995304147562543
283,22.0,[596.7558592818727 167.39389982494805 953.8020311173536 411.2592275463257],[708.0188598632812 333.24383544921875 833.2858276367188 381.2247314453125],0.7561243176460266,61A13883,0.6908557294298612
284,20.0,[41.105000854368 1.0851179548918708 456.0808899516212 197.40863189606023],[187.83103942871094 119.19600677490234 303.2468566894531 194.52435302734375],0.7823988199234009,76A22222,0.9999942956124749
284,22.0,[596.7578690360957 167.09509704561208 953.7996649834121 411.18703933688744],[708.0193481445312 333.2439270019531 833.2874145507812 381.222412109375],0.7560932636260986,61A13883,0.6320360791294348
285,20.0,[41.09007387016041 1.0806641457322854 456.09539043301356 197.41266694790426],[187.83192443847656 119.19796752929688 303.2460021972656 194.5198211669922],0.7824094891548157,76A22222,0.9995304147562543
285,22.0,[596.7552084908532 167.1398877843011 953.7827823500616 411.27321086546954],[708.01611328125 333.24676513671875 833.2838134765625 381.2221374511719],0.756089985370636,61A13883,0.6410496329363999
286,20.0,[41.07607671223241 1.074898815120747 456.10774442473655 197.41353881645844],[187.8286590576172 119.19926452636719 303.2386169433594 194.518798828125],0.7824079990386963,76A22222,0.9995304147562543
286,22.0,[596.7668412348418 167.3198039987485 953.7862644669207 411.3769996384922],[708.02099609375 333.2446594238281 833.2857055664062 381.222412109375],0.7560949325561523,61A13883,0.6384689710274141
287,20.0,[41.06531190244809 1.0715510842820777 456.11906687415456 197.42077306529941],[187.8310546875 119.19493103027344 303.2444763183594 194.5224609375],0.7824316024780273,76A22222,0.9999945088606758
287,22.0,[596.7734617942083 167.06951457898174 953.7867933949572 411.27383003204204],[708.0191650390625 333.24169921875 833.2879028320312 381.2229919433594],0.7561195492744446,61A13883,0.6323440497578313
288,20.0,[41.053344024348036 1.067145846367211 456.12915480101003 197.42569273193197],[187.83200073242188 119.198974609375 303.2493591308594 194.5244903564453],0.7823730707168579,76A22222,0.9995304147562543
288,22.0,[596.7750809492891 167.1819226196422 953.7792898232851 411.35562588974204],[708.0181274414062 333.2464904785156 833.2850341796875 381.2240905761719],0.7560924291610718,61A13883,0.6744637933164412
